name,imo,cruise_line,year_built,gross_tonnage,capacity,status,kind
AIDAnova,9781865,AIDA Cruises,2018,183900,6600,active,ocean
AIDAcosma,9781877,AIDA Cruises,2021,183900,6600,active,ocean
AIDAprima,9636262,AIDA Cruises,2016,125572,3300,active,ocean
AIDAperla,9636274,AIDA Cruises,2017,125572,3300,active,ocean
AIDAmar,9490052,AIDA Cruises,2012,71304,2192,active,ocean
AIDAbella,9398888,AIDA Cruises,2008,69203,2192,active,ocean
AIDAblu,9398876,AIDA Cruises,2010,71304,2192,active,ocean
AIDAluna,9490040,AIDA Cruises,2009,71304,2192,active,ocean
AIDAsol,9490038,AIDA Cruises,2011,71304,2192,active,ocean
AIDAstella,9601132,AIDA Cruises,2013,71304,2192,active,ocean
Mein Schiff 1,9783564,TUI Cruises,2018,111554,2894,active,ocean
Mein Schiff 2,9834624,TUI Cruises,2019,111554,2894,active,ocean
Mein Schiff 3,9641730,TUI Cruises,2014,99526,2506,active,ocean
Mein Schiff 4,9678408,TUI Cruises,2015,99526,2506,active,ocean
Mein Schiff 5,9710139,TUI Cruises,2016,99526,2534,active,ocean
Mein Schiff 6,9753193,TUI Cruises,2017,99526,2534,active,ocean
Mein Schiff 7,9790153,TUI Cruises,2024,111554,2894,active,ocean
MSC World Europa,9803613,MSC Cruises,2022,215863,6762,active,ocean
MSC Grandiosa,9803585,MSC Cruises,2019,181541,6334,active,ocean
MSC Virtuosa,9803597,MSC Cruises,2021,181541,6334,active,ocean
MSC Seaside,9745377,MSC Cruises,2017,153516,4540,active,ocean
MSC Meraviglia,9760231,MSC Cruises,2017,171598,5714,active,ocean
Costa Toscana,9781841,Costa Cruises,2022,185010,6554,active,ocean
Costa Smeralda,9781839,Costa Cruises,2019,185010,6554,active,ocean
Costa Fascinosa,9479744,Costa Cruises,2012,114147,3800,active,ocean
Wonder of the Seas,9838583,Royal Caribbean International,2022,236857,6988,active,ocean
Icon of the Seas,9838622,Royal Caribbean International,2024,250800,7600,active,ocean
Carnival Celebration,9837785,Carnival Cruise Line,2022,183521,6631,active,ocean
Norwegian Prima,9870553,Norwegian Cruise Line,2022,142500,3215,active,ocean
Europa 2,9616230,Hapag-Lloyd Cruises,2013,42830,500,active,ocean
Viking Osiris,,Viking River Cruises,,,,active,river
Viking Aton,,Viking River Cruises,,,,active,river
Sanctuary Sun Boat IV,,Sanctuary Retreats,,,,active,river
A-ROSA SENA,,A-ROSA Flussschiff,,,,active,river
AmaMagna,,AmaWaterways,,,,active,river
nickoVISION,,nicko cruises,,,,active,river
